Date,Banana,Blue Moon,Black Licorice,Bord,BP,Coffee,CC,Cher Chzcke,Choc,Cham,CCC,Coco,Dough,DT,Death,DCC,DCFS,ET,Harley,Maple,MCC,MO,Mudd,Mocha Chip,Oreo,Pist,PBC,Prail,RB Float,Ras,Straw,S Sorbet,T,V,Beach Road,Brownie,Cinn,Fish Boil,Mocha Fudge Chzcake,Newport,Mango Sorbet,Oreo Chz,Peanut Butter,Pumpkin,P Pecan,Ras Sorbet,Rum Raisin,Sticky Buns,Watermellon Sorbet,What the Tella,Dirt Cake,Egg Nog,Shark Week
5/10/24,0.0,3.0,0.0,3.0,1.0,1.0,1.0,3.0,3.0,3.0,2.0,3.0,3.0,4.0,3.0,4.0,0.0,3.0,1.0,0.0,3.0,3.0,1.0,3.0,3.0,3.0,3.0,3.0,0.0,0.0,3.0,1.0,1.0,4.0,0.0,0.0,0.0,0.0,0.0,0.0,0.0,0.0,0.0,0.0,0.0,0.0,0.0,0.0,0.0,0.0,0.0,0.0,0.0
5/14/24,0.0,1.0,0.0,2.0,3.0,4.0,1.0,2.0,2.0,1.0,0.0,2.0,1.0,2.0,1.0,1.0,0.0,1.0,1.0,0.0,2.0,2.0,3.0,2.0,2.0,2.0,2.0,2.0,3.0,0.0,3.0,0.0,3.0,4.0,0.0,0.0,0.0,0.0,0.0,0.0,0.0,0.0,0.0,0.0,0.0,0.0,0.0,0.0,0.0,0.0,0.0,0.0,0.0
5/21/24,0.0,6.0,0.0,10.0,10.0,3.0,4.0,8.0,5.0,5.0,3.0,0.0,4.0,5.0,9.0,7.0,0.0,7.0,0.0,0.0,8.0,8.0,9.0,1.0,8.0,1.0,4.0,7.0,2.0,0.0,6.0,1.0,2.0,13.0,0.0,0.0,0.0,0.0,0.0,0.0,0.0,0.0,0.0,0.0,0.0,0.0,0.0,0.0,0.0,0.0,0.0,0.0,0.0
5/25/24,0.0,5.0,0.0,9.0,9.0,3.0,3.0,8.0,5.0,5.0,6.0,8.0,4.0,5.0,7.0,8.0,4.0,6.0,4.0,0.0,7.0,8.0,7.0,8.0,7.0,0.0,3.0,5.0,2.0,0.0,5.0,1.0,1.0,14.0,0.0,0.0,0.0,0.0,0.0,0.0,0.0,0.0,0.0,0.0,0.0,0.0,0.0,0.0,0.0,0.0,0.0,0.0,0.0
5/26/24,0.0,4.0,0.0,7.0,7.0,2.0,3.0,7.0,4.0,4.0,5.0,6.0,3.0,4.0,6.0,7.0,3.0,5.0,4.0,0.0,6.0,7.0,7.0,8.0,7.0,0.0,2.0,5.0,1.0,0.0,7.0,2.0,0.0,13.0,0.0,0.0,0.0,0.0,0.0,0.0,0.0,0.0,0.0,0.0,0.0,0.0,0.0,0.0,0.0,0.0,0.0,0.0,0.0
5/27/24,0.0,3.0,0.0,6.0,6.0,2.0,3.0,6.0,3.0,3.0,4.0,6.0,2.0,3.0,5.0,7.0,3.0,4.0,4.0,0.0,5.0,7.0,6.0,7.0,6.0,6.0,2.0,4.0,5.0,0.0,6.0,2.0,4.0,12.0,0.0,0.0,0.0,0.0,0.0,0.0,0.0,0.0,0.0,0.0,0.0,0.0,0.0,0.0,0.0,0.0,0.0,0.0,0.0
5/30/24,0.0,2.0,0.0,6.0,5.0,1.0,3.0,6.0,5.0,2.0,2.0,5.0,7.0,2.0,9.0,5.0,3.0,3.0,2.0,0.0,5.0,5.0,5.0,5.0,5.0,5.0,5.0,4.0,4.0,0.0,6.0,1.0,3.0,9.0,0.0,0.0,0.0,0.0,0.0,0.0,0.0,0.0,0.0,0.0,0.0,0.0,0.0,0.0,0.0,0.0,0.0,0.0,0.0
6/1/24,0.0,9.0,4.0,6.0,5.0,5.0,2.0,5.0,4.0,6.0,6.0,4.0,6.0,2.0,8.0,8.0,2.0,2.0,2.0,0.0,4.0,5.0,4.0,6.0,5.0,5.0,5.0,4.0,4.0,0.0,6.0,1.0,3.0,10.0,0.0,0.0,0.0,0.0,0.0,0.0,0.0,0.0,0.0,0.0,0.0,0.0,0.0,0.0,0.0,0.0,0.0,0.0,0.0
6/4/24,0.0,6.0,4.0,5.0,4.0,4.0,5.0,4.0,4.0,4.0,4.0,3.0,5.0,1.0,6.0,6.0,2.0,5.0,2.0,0.0,4.0,4.0,3.0,6.0,4.0,5.0,4.0,3.0,3.0,0.0,6.0,0.0,1.0,6.0,0.0,0.0,0.0,0.0,0.0,0.0,0.0,0.0,0.0,0.0,0.0,0.0,0.0,0.0,0.0,4.0,0.0,0.0,0.0
6/9/24,0.0,5.0,4.0,4.0,2.0,3.0,4.0,2.0,2.0,0.0,0.0,5.0,7.0,0.0,1.0,3.0,0.0,4.0,0.0,0.0,2.0,6.0,9.0,4.0,6.0,6.0,2.0,5.0,3.0,0.0,5.0,0.0,1.0,8.0,0.0,0.0,0.0,0.0,0.0,0.0,0.0,0.0,0.0,0.0,0.0,0.0,0.0,0.0,0.0,3.0,0.0,0.0,0.0
6/13/24,0.0,9.0,4.0,4.0,6.0,2.0,3.0,4.0,5.0,8.0,8.0,5.0,6.0,5.0,1.0,7.0,0.0,2.0,0.0,0.0,9.0,5.0,6.0,2.0,5.0,4.0,5.0,3.0,5.0,0.0,4.0,3.0,0.0,9.0,0.0,0.0,0.0,0.0,0.0,0.0,0.0,0.0,0.0,0.0,0.0,0.0,0.0,0.0,0.0,2.0,0.0,0.0,0.0
6/15/24,0.0,11.0,3.0,3.0,8.0,5.0,2.0,3.0,4.0,8.0,8.0,4.0,5.0,4.0,8.0,4.0,0.0,1.0,0.0,0.0,10.0,3.0,7.0,10.0,4.0,4.0,3.0,2.0,5.0,0.0,4.0,3.0,0.0,10.0,0.0,0.0,0.0,0.0,0.0,0.0,0.0,0.0,0.0,0.0,0.0,0.0,0.0,0.0,0.0,1.0,0.0,0.0,0.0
6/16/24,0.0,9.0,2.0,10.0,7.0,5.0,5.0,1.0,3.0,6.0,6.0,3.0,3.0,2.0,6.0,3.0,0.0,8.0,4.0,0.0,10.0,2.0,7.0,9.0,3.0,3.0,2.0,1.0,4.0,0.0,4.0,3.0,0.0,6.0,0.0,0.0,0.0,0.0,0.0,0.0,0.0,0.0,0.0,0.0,0.0,0.0,0.0,0.0,0.0,0.0,0.0,0.0,0.0
6/21/24,0.0,8.0,1.0,9.0,6.0,3.0,5.0,8.0,2.0,3.0,3.0,1.0,1.0,6.0,3.0,9.0,0.0,5.0,4.0,0.0,7.0,6.0,5.0,7.0,8.0,1.0,4.0,0.0,4.0,0.0,6.0,3.0,5.0,7.0,0.0,0.0,0.0,0.0,0.0,0.0,0.0,0.0,0.0,0.0,0.0,0.0,0.0,0.0,0.0,0.0,0.0,0.0,0.0
6/24/24,0.0,6.0,5.0,8.0,6.0,2.0,3.0,8.0,4.0,3.0,6.0,2.0,7.0,3.0,1.0,7.0,0.0,5.0,3.0,4.0,5.0,7.0,3.0,6.0,7.0,1.0,2.0,0.0,3.0,0.0,5.0,3.0,5.0,12.0,0.0,0.0,0.0,0.0,0.0,0.0,0.0,0.0,0.0,0.0,0.0,0.0,0.0,0.0,0.0,2.0,0.0,0.0,0.0
6/25/24,0.0,5.0,5.0,8.0,5.0,2.0,5.0,6.0,4.0,4.0,6.0,9.0,6.0,3.0,0.0,7.0,0.0,3.0,3.0,4.0,4.0,6.0,3.0,6.0,7.0,1.0,2.0,8.0,3.0,0.0,5.0,2.0,4.0,14.0,0.0,0.0,0.0,0.0,0.0,0.0,0.0,0.0,0.0,0.0,0.0,0.0,0.0,0.0,0.0,1.0,0.0,0.0,0.0
6/30/24,0.0,1.0,4.0,6.0,2.0,2.0,4.0,3.0,2.0,3.0,2.0,6.0,2.0,4.0,2.0,2.0,0.0,6.0,2.0,4.0,8.0,6.0,5.0,3.0,3.0,6.0,3.0,8.0,3.0,0.0,3.0,1.0,3.0,7.0,0.0,0.0,0.0,0.0,0.0,0.0,0.0,0.0,0.0,0.0,0.0,0.0,0.0,0.0,0.0,0.0,0.0,0.0,0.0
7/6/24,0.0,8.0,3.0,3.0,4.0,2.0,0.0,6.0,5.0,3.0,6.0,3.0,2.0,3.0,9.0,8.0,0.0,2.0,0.0,4.0,2.0,1.0,7.0,3.0,2.0,7.0,2.0,5.0,1.0,0.0,4.0,1.0,2.0,14.0,0.0,0.0,0.0,0.0,0.0,0.0,0.0,0.0,0.0,0.0,0.0,0.0,0.0,0.0,0.0,0.0,0.0,0.0,0.0
7/8/24,0.0,5.0,3.0,3.0,9.0,1.0,0.0,4.0,3.0,8.0,5.0,2.0,6.0,2.0,6.0,5.0,0.0,9.0,0.0,4.0,7.0,8.0,5.0,2.0,8.0,6.0,1.0,3.0,0.0,0.0,3.0,1.0,5.0,11.0,0.0,0.0,0.0,0.0,0.0,0.0,0.0,0.0,0.0,0.0,0.0,0.0,0.0,0.0,0.0,0.0,0.0,0.0,0.0
7/13/24,2.0,3.0,2.0,1.0,8.0,1.0,2.0,10.0,5.0,4.0,0.0,2.0,1.0,2.0,5.0,4.0,0.0,6.0,0.0,3.0,5.0,5.0,2.0,3.0,5.0,4.0,5.0,5.0,4.0,3.0,1.0,1.0,6.0,7.0,0.0,4.0,0.0,0.0,0.0,0.0,0.0,0.0,0.0,0.0,0.0,1.0,0.0,0.0,0.0,0.0,0.0,0.0,0.0
7/14/24,2.0,2.0,2.0,0.0,8.0,0.0,2.0,9.0,4.0,3.0,0.0,2.0,0.0,2.0,5.0,3.0,0.0,4.0,0.0,2.0,4.0,4.0,1.0,3.0,5.0,4.0,5.0,4.0,4.0,3.0,1.0,0.0,5.0,5.0,0.0,3.0,0.0,0.0,0.0,0.0,0.0,0.0,0.0,0.0,0.0,1.0,0.0,0.0,0.0,0.0,0.0,0.0,0.0
7/15/24,1.0,2.0,2.0,1.0,7.0,0.0,1.0,9.0,4.0,3.0,8.0,2.0,0.0,1.0,3.0,9.0,0.0,4.0,0.0,1.0,3.0,4.0,0.0,3.0,4.0,4.0,5.0,3.0,4.0,3.0,1.0,0.0,5.0,9.0,1.0,1.0,0.0,1.0,0.0,0.0,0.0,0.0,0.0,0.0,0.0,1.0,1.0,0.0,0.0,0.0,0.0,0.0,0.0
7/17/24,1.0,9.0,1.0,1.0,7.0,2.0,1.0,7.0,3.0,6.0,7.0,1.0,3.0,0.0,1.0,9.0,0.0,3.0,0.0,1.0,2.0,3.0,6.0,6.0,4.0,3.0,5.0,3.0,4.0,2.0,0.0,0.0,5.0,11.0,1.0,0.0,0.0,1.0,0.0,0.0,0.0,0.0,0.0,0.0,0.0,1.0,0.0,0.0,0.0,0.0,0.0,0.0,0.0
7/20/24,0.0,6.0,2.0,5.0,5.0,0.0,0.0,6.0,5.0,5.0,4.0,7.0,7.0,3.0,7.0,4.0,0.0,8.0,0.0,0.0,8.0,9.0,3.0,4.0,2.0,2.0,5.0,1.0,4.0,1.0,4.0,0.0,5.0,7.0,0.0,0.0,0.0,0.0,0.0,2.0,0.0,0.0,0.0,0.0,0.0,0.0,0.0,0.0,0.0,0.0,0.0,0.0,0.0
7/22/24,0.0,3.0,2.0,4.0,3.0,3.0,3.0,4.0,4.0,2.0,8.0,6.0,5.0,1.0,3.0,10.0,0.0,7.0,0.0,7.0,7.0,7.0,4.0,7.0,8.0,2.0,4.0,0.0,2.0,0.0,3.0,0.0,5.0,3.0,0.0,0.0,0.0,0.0,4.0,2.0,2.0,0.0,0.0,0.0,0.0,0.0,0.0,0.0,1.0,0.0,0.0,0.0,0.0
7/23/24,0.0,5.0,1.0,3.0,9.0,4.0,3.0,1.0,3.0,6.0,5.0,5.0,7.0,3.0,5.0,8.0,0.0,6.0,0.0,6.0,5.0,6.0,8.0,6.0,7.0,9.0,4.0,0.0,6.0,8.0,3.0,0.0,4.0,19.0,0.0,0.0,0.0,0.0,3.0,2.0,2.0,0.0,0.0,0.0,0.0,0.0,0.0,0.0,1.0,0.0,0.0,0.0,0.0
7/28/24,0.0,3.0,2.0,1.0,6.0,2.0,1.0,2.0,1.0,3.0,4.0,2.0,2.0,3.0,1.0,9.0,0.0,1.0,4.0,5.0,0.0,2.0,3.0,3.0,3.0,6.0,5.0,5.0,4.0,8.0,1.0,2.0,0.0,5.0,0.0,0.0,0.0,0.0,2.0,2.0,2.0,0.0,0.0,0.0,0.0,0.0,0.0,0.0,0.0,0.0,0.0,0.0,0.0
7/29/24,0.0,7.0,2.0,0.0,5.0,2.0,1.0,1.0,4.0,2.0,2.0,1.0,5.0,2.0,8.0,7.0,0.0,1.0,4.0,4.0,8.0,1.0,1.0,2.0,2.0,6.0,4.0,7.0,3.0,8.0,0.0,2.0,0.0,9.0,0.0,0.0,0.0,0.0,2.0,2.0,2.0,0.0,0.0,0.0,0.0,0.0,0.0,0.0,0.0,0.0,0.0,0.0,0.0
7/30/24,0.0,6.0,2.0,4.0,4.0,1.0,0.0,8.0,3.0,6.0,1.0,0.0,5.0,1.0,7.0,6.0,0.0,8.0,4.0,3.0,7.0,0.0,9.0,6.0,1.0,5.0,3.0,6.0,3.0,8.0,0.0,2.0,0.0,8.0,0.0,0.0,0.0,0.0,1.0,2.0,2.0,0.0,0.0,0.0,0.0,0.0,0.0,0.0,0.0,0.0,0.0,0.0,0.0
8/1/24,0.0,4.0,2.0,3.0,11.0,0.0,0.0,7.0,5.0,7.0,6.0,3.0,3.0,3.0,8.0,13.0,0.0,7.0,4.0,3.0,4.0,7.0,7.0,4.0,6.0,5.0,2.0,5.0,2.0,7.0,0.0,2.0,4.0,7.0,0.0,5.0,0.0,0.0,1.0,2.0,1.0,0.0,0.0,0.0,0.0,0.0,0.0,0.0,0.0,0.0,0.0,0.0,0.0
8/2/24,0.0,2.0,2.0,2.0,10.0,4.0,4.0,6.0,4.0,6.0,4.0,2.0,3.0,3.0,7.0,10.0,0.0,6.0,4.0,3.0,3.0,6.0,6.0,4.0,6.0,4.0,2.0,4.0,2.0,6.0,8.0,2.0,4.0,9.0,0.0,5.0,0.0,0.0,1.0,2.0,1.0,0.0,0.0,0.0,0.0,0.0,0.0,0.0,0.0,0.0,0.0,0.0,0.0
8/3/24,0.0,8.0,2.0,2.0,9.0,3.0,3.0,5.0,3.0,5.0,2.0,2.0,1.0,2.0,5.0,9.0,0.0,5.0,4.0,2.0,2.0,5.0,5.0,3.0,5.0,3.0,0.0,3.0,2.0,5.0,8.0,1.0,4.0,4.0,0.0,5.0,0.0,0.0,1.0,2.0,2.0,0.0,0.0,0.0,0.0,0.0,0.0,0.0,0.0,0.0,0.0,0.0,0.0
8/4/24,0.0,6.0,2.0,1.0,9.0,3.0,3.0,4.0,2.0,4.0,1.0,1.0,6.0,1.0,3.0,8.0,0.0,5.0,4.0,2.0,7.0,4.0,3.0,2.0,3.0,3.0,0.0,3.0,1.0,5.0,7.0,2.0,4.0,11.0,0.0,5.0,0.0,0.0,0.0,2.0,1.0,0.0,0.0,0.0,0.0,0.0,0.0,0.0,0.0,0.0,0.0,0.0,0.0
8/6/24,0.0,6.0,2.0,8.0,7.0,2.0,2.0,8.0,5.0,6.0,10.0,0.0,4.0,3.0,8.0,11.0,0.0,3.0,4.0,1.0,5.0,2.0,2.0,2.0,2.0,2.0,4.0,5.0,4.0,4.0,6.0,2.0,4.0,12.0,0.0,5.0,0.0,0.0,0.0,1.0,0.0,0.0,0.0,0.0,0.0,0.0,0.0,0.0,0.0,0.0,0.0,0.0,0.0
8/8/24,0.0,5.0,2.0,8.0,6.0,5.0,2.0,10.0,3.0,4.0,6.0,8.0,1.0,2.0,3.0,9.0,4.0,7.0,4.0,9.0,11.0,9.0,8.0,9.0,8.0,1.0,4.0,4.0,3.0,3.0,5.0,0.0,4.0,13.0,0.0,5.0,0.0,0.0,0.0,1.0,0.0,0.0,0.0,0.0,0.0,0.0,0.0,0.0,0.0,0.0,0.0,0.0,0.0
8/11/24,0.0,2.0,2.0,7.0,4.0,4.0,1.0,8.0,6.0,2.0,3.0,6.0,7.0,4.0,9.0,4.0,4.0,5.0,4.0,8.0,8.0,7.0,5.0,7.0,5.0,0.0,3.0,2.0,6.0,2.0,3.0,0.0,4.0,10.0,0.0,4.0,0.0,0.0,0.0,0.0,0.0,0.0,0.0,0.0,0.0,0.0,0.0,0.0,0.0,0.0,0.0,0.0,0.0
8/15/24,0.0,7.0,2.0,5.0,2.0,3.0,3.0,6.0,5.0,4.0,8.0,5.0,7.0,2.0,6.0,9.0,4.0,3.0,4.0,7.0,6.0,5.0,3.0,5.0,3.0,0.0,1.0,4.0,5.0,2.0,3.0,0.0,4.0,6.0,0.0,2.0,0.0,0.0,0.0,0.0,0.0,0.0,0.0,0.0,0.0,0.0,0.0,0.0,0.0,0.0,0.0,0.0,0.0
8/16/24,0.0,7.0,2.0,5.0,10.0,3.0,3.0,6.0,4.0,3.0,7.0,5.0,7.0,5.0,10.0,9.0,4.0,3.0,4.0,7.0,5.0,5.0,2.0,5.0,3.0,0.0,5.0,4.0,5.0,2.0,3.0,2.0,4.0,12.0,0.0,1.0,0.0,0.0,0.0,0.0,0.0,0.0,0.0,0.0,0.0,0.0,0.0,0.0,0.0,0.0,0.0,0.0,0.0
8/17/24,0.0,6.0,2.0,5.0,9.0,2.0,3.0,5.0,4.0,5.0,7.0,4.0,6.0,5.0,9.0,8.0,4.0,10.0,4.0,7.0,6.0,4.0,10.0,4.0,2.0,0.0,5.0,3.0,5.0,1.0,3.0,2.0,4.0,11.0,0.0,5.0,0.0,0.0,0.0,0.0,0.0,0.0,0.0,0.0,0.0,0.0,0.0,0.0,0.0,0.0,0.0,0.0,0.0
8/18/24,0.0,6.0,2.0,4.0,9.0,2.0,3.0,8.0,4.0,4.0,5.0,4.0,5.0,5.0,8.0,7.0,4.0,10.0,4.0,6.0,13.0,3.0,9.0,4.0,1.0,0.0,4.0,3.0,4.0,1.0,3.0,2.0,4.0,15.0,0.0,3.0,0.0,0.0,0.0,0.0,0.0,0.0,0.0,0.0,0.0,0.0,0.0,0.0,0.0,0.0,0.0,0.0,0.0
8/19/24,0.0,5.0,2.0,4.0,8.0,2.0,2.0,8.0,7.0,3.0,4.0,3.0,5.0,4.0,11.0,6.0,4.0,9.0,4.0,6.0,13.0,6.0,8.0,4.0,5.0,0.0,7.0,2.0,4.0,1.0,3.0,2.0,4.0,21.0,0.0,2.0,0.0,0.0,0.0,0.0,0.0,0.0,0.0,0.0,0.0,0.0,0.0,8.0,0.0,0.0,0.0,0.0,0.0
8/22/24,0.0,4.0,2.0,3.0,7.0,1.0,2.0,7.0,6.0,3.0,2.0,2.0,4.0,3.0,8.0,4.0,4.0,7.0,4.0,5.0,11.0,5.0,7.0,3.0,3.0,0.0,6.0,1.0,3.0,0.0,2.0,1.0,4.0,26.0,0.0,1.0,0.0,0.0,0.0,0.0,0.0,0.0,0.0,4.0,4.0,0.0,0.0,8.0,0.0,0.0,0.0,0.0,0.0
8/26/24,0.0,2.0,1.0,0.0,5.0,0.0,2.0,4.0,4.0,4.0,9.0,1.0,1.0,0.0,4.0,20.0,4.0,4.0,3.0,4.0,9.0,4.0,4.0,1.0,1.0,0.0,5.0,0.0,2.0,0.0,1.0,0.0,4.0,19.0,0.0,0.0,0.0,0.0,0.0,0.0,0.0,0.0,0.0,4.0,4.0,0.0,0.0,7.0,0.0,0.0,0.0,0.0,0.0
8/27/24,0.0,5.0,1.0,0.0,4.0,2.0,2.0,4.0,8.0,4.0,10.0,0.0,7.0,4.0,12.0,17.0,4.0,4.0,3.0,4.0,8.0,3.0,3.0,7.0,0.0,0.0,4.0,0.0,2.0,0.0,1.0,0.0,4.0,17.0,0.0,0.0,0.0,0.0,0.0,0.0,0.0,0.0,0.0,4.0,4.0,0.0,0.0,7.0,0.0,0.0,0.0,0.0,0.0
8/30/24,0.0,3.0,0.0,0.0,2.0,1.0,0.0,3.0,7.0,2.0,7.0,0.0,5.0,3.0,9.0,15.0,3.0,2.0,2.0,3.0,6.0,2.0,2.0,6.0,0.0,0.0,3.0,0.0,1.0,0.0,0.0,0.0,2.0,11.0,0.0,0.0,0.0,0.0,0.0,0.0,0.0,0.0,0.0,4.0,4.0,0.0,0.0,5.0,0.0,0.0,0.0,0.0,0.0
9/2/24,0.0,0.0,0.0,4.0,0.0,0.0,0.0,0.0,4.0,0.0,2.0,2.0,2.0,1.0,5.0,10.0,2.0,0.0,2.0,2.0,3.0,0.0,0.0,3.0,0.0,0.0,0.0,0.0,0.0,0.0,0.0,2.0,0.0,3.0,0.0,0.0,0.0,0.0,0.0,0.0,0.0,0.0,0.0,3.0,3.0,0.0,0.0,4.0,0.0,0.0,0.0,0.0,0.0
9/3/24,0.0,0.0,0.0,3.0,0.0,0.0,0.0,0.0,4.0,0.0,2.0,1.0,1.0,0.0,4.0,9.0,1.0,0.0,1.0,2.0,2.0,0.0,0.0,2.0,0.0,0.0,0.0,0.0,0.0,0.0,0.0,2.0,0.0,0.0,0.0,0.0,0.0,0.0,0.0,0.0,0.0,0.0,0.0,3.0,3.0,0.0,0.0,3.0,0.0,0.0,0.0,0.0,0.0
9/4/24,0.0,0.0,0.0,3.0,0.0,0.0,0.0,0.0,4.0,0.0,2.0,1.0,0.0,0.0,3.0,8.0,1.0,0.0,1.0,1.0,2.0,0.0,0.0,2.0,0.0,0.0,0.0,0.0,0.0,0.0,0.0,1.0,0.0,0.0,0.0,0.0,0.0,0.0,0.0,0.0,0.0,0.0,0.0,2.0,2.0,0.0,0.0,3.0,0.0,0.0,0.0,0.0,0.0
9/5/24,0.0,0.0,0.0,2.0,0.0,0.0,1.0,0.0,4.0,0.0,2.0,1.0,0.0,0.0,2.0,8.0,1.0,0.0,1.0,1.0,2.0,0.0,0.0,2.0,0.0,0.0,1.0,0.0,0.0,0.0,0.0,1.0,0.0,1.0,0.0,0.0,0.0,0.0,0.0,0.0,0.0,0.0,0.0,2.0,2.0,0.0,0.0,3.0,0.0,0.0,0.0,0.0,0.0
9/6/24,0.0,3.0,0.0,2.0,5.0,4.0,1.0,1.0,4.0,4.0,1.0,1.0,0.0,0.0,1.0,7.0,1.0,5.0,1.0,1.0,2.0,0.0,2.0,1.0,0.0,0.0,0.0,0.0,0.0,0.0,0.0,1.0,0.0,5.0,0.0,0.0,0.0,0.0,0.0,0.0,0.0,0.0,0.0,2.0,2.0,0.0,0.0,2.0,0.0,0.0,0.0,0.0,0.0
9/8/24,0.0,2.0,0.0,1.0,3.0,3.0,1.0,1.0,3.0,3.0,0.0,0.0,3.0,4.0,6.0,6.0,2.0,4.0,1.0,0.0,5.0,0.0,2.0,0.0,0.0,0.0,0.0,0.0,0.0,0.0,0.0,1.0,0.0,3.0,0.0,0.0,0.0,0.0,0.0,0.0,0.0,0.0,0.0,2.0,1.0,0.0,0.0,1.0,0.0,0.0,0.0,0.0,0.0
9/9/24,0.0,2.0,0.0,1.0,3.0,3.0,1.0,0.0,3.0,3.0,0.0,0.0,3.0,3.0,6.0,4.0,2.0,4.0,1.0,0.0,5.0,0.0,1.0,0.0,0.0,0.0,0.0,0.0,0.0,0.0,0.0,1.0,0.0,2.0,0.0,0.0,0.0,0.0,0.0,0.0,0.0,0.0,0.0,1.0,1.0,0.0,0.0,1.0,0.0,0.0,0.0,0.0,0.0
9/10/24,0.0,2.0,0.0,0.0,3.0,3.0,1.0,0.0,3.0,3.0,0.0,3.0,3.0,3.0,5.0,3.0,2.0,3.0,0.0,0.0,4.0,0.0,3.0,0.0,0.0,0.0,0.0,0.0,0.0,0.0,3.0,1.0,0.0,8.0,0.0,0.0,0.0,0.0,0.0,0.0,0.0,0.0,0.0,1.0,1.0,0.0,0.0,1.0,0.0,0.0,0.0,0.0,0.0
9/11/24,0.0,2.0,0.0,0.0,2.0,3.0,0.0,0.0,3.0,3.0,0.0,3.0,3.0,3.0,5.0,2.0,2.0,3.0,0.0,2.0,4.0,0.0,3.0,2.0,0.0,0.0,0.0,0.0,0.0,0.0,3.0,1.0,0.0,9.0,0.0,0.0,1.0,0.0,0.0,0.0,0.0,0.0,0.0,3.0,3.0,0.0,0.0,1.0,0.0,0.0,0.0,0.0,0.0
9/12/24,0.0,2.0,0.0,0.0,2.0,2.0,0.0,0.0,2.0,2.0,0.0,3.0,3.0,3.0,4.0,2.0,2.0,2.0,0.0,2.0,4.0,0.0,3.0,2.0,0.0,0.0,0.0,0.0,0.0,0.0,3.0,1.0,0.0,8.0,0.0,0.0,1.0,0.0,0.0,0.0,0.0,0.0,0.0,3.0,3.0,0.0,0.0,0.0,0.0,0.0,0.0,0.0,0.0
9/13/24,0.0,2.0,0.0,3.0,1.0,2.0,0.0,0.0,2.0,2.0,1.0,2.0,2.0,2.0,3.0,6.0,1.0,1.0,0.0,2.0,3.0,0.0,2.0,2.0,0.0,0.0,0.0,0.0,0.0,0.0,3.0,0.0,0.0,12.0,0.0,2.0,1.0,0.0,0.0,0.0,0.0,0.0,0.0,3.0,2.0,0.0,0.0,0.0,0.0,0.0,0.0,0.0,0.0
9/15/24,0.0,1.0,0.0,3.0,6.0,1.0,0.0,3.0,2.0,2.0,0.0,2.0,1.0,1.0,2.0,5.0,0.0,0.0,0.0,0.0,2.0,0.0,2.0,1.0,0.0,0.0,0.0,0.0,0.0,0.0,2.0,0.0,2.0,8.0,0.0,2.0,0.0,0.0,0.0,0.0,0.0,0.0,0.0,2.0,1.0,0.0,0.0,0.0,0.0,0.0,0.0,0.0,0.0
9/16/24,0.0,1.0,0.0,3.0,5.0,1.0,0.0,2.0,2.0,1.0,0.0,1.0,1.0,1.0,2.0,4.0,0.0,0.0,0.0,0.0,2.0,0.0,1.0,0.0,0.0,0.0,0.0,0.0,0.0,0.0,2.0,0.0,1.0,6.0,0.0,1.0,0.0,0.0,0.0,0.0,0.0,0.0,0.0,2.0,1.0,0.0,0.0,0.0,0.0,0.0,0.0,0.0,0.0
9/17/24,0.0,1.0,0.0,2.0,5.0,1.0,1.0,2.0,1.0,1.0,0.0,1.0,1.0,1.0,1.0,4.0,0.0,0.0,0.0,0.0,2.0,0.0,1.0,0.0,0.0,0.0,3.0,0.0,0.0,0.0,2.0,0.0,1.0,10.0,0.0,1.0,0.0,0.0,0.0,0.0,0.0,0.0,0.0,2.0,1.0,0.0,0.0,0.0,0.0,0.0,0.0,0.0,0.0
9/18/24,0.0,0.0,0.0,2.0,4.0,0.0,1.0,2.0,1.0,1.0,0.0,1.0,1.0,1.0,1.0,3.0,0.0,0.0,0.0,0.0,1.0,0.0,1.0,0.0,0.0,0.0,3.0,0.0,0.0,0.0,2.0,0.0,1.0,9.0,0.0,0.0,0.0,0.0,0.0,0.0,0.0,0.0,0.0,2.0,1.0,0.0,0.0,0.0,0.0,0.0,0.0,0.0,0.0
9/19/24,0.0,0.0,0.0,2.0,4.0,0.0,1.0,1.0,3.0,1.0,0.0,0.0,0.0,0.0,4.0,2.0,0.0,0.0,0.0,0.0,1.0,0.0,1.0,3.0,0.0,0.0,5.0,0.0,0.0,0.0,2.0,0.0,0.0,11.0,0.0,0.0,1.0,0.0,0.0,0.0,0.0,0.0,0.0,1.0,0.0,0.0,0.0,1.0,0.0,0.0,0.0,0.0,0.0
9/20/24,0.0,0.0,0.0,2.0,3.0,0.0,1.0,1.0,3.0,0.0,0.0,0.0,0.0,0.0,4.0,9.0,0.0,0.0,0.0,0.0,0.0,0.0,0.0,3.0,0.0,0.0,5.0,0.0,0.0,0.0,2.0,0.0,0.0,10.0,0.0,0.0,1.0,0.0,0.0,0.0,0.0,0.0,0.0,1.0,0.0,0.0,0.0,1.0,0.0,0.0,0.0,0.0,0.0
9/21/24,0.0,0.0,0.0,1.0,2.0,0.0,0.0,1.0,3.0,0.0,0.0,0.0,0.0,0.0,3.0,8.0,0.0,0.0,0.0,3.0,4.0,0.0,0.0,2.0,0.0,0.0,4.0,0.0,0.0,0.0,2.0,0.0,0.0,9.0,0.0,0.0,1.0,0.0,0.0,0.0,0.0,0.0,0.0,1.0,2.0,0.0,0.0,0.0,0.0,0.0,0.0,0.0,0.0
9/22/24,0.0,0.0,0.0,1.0,1.0,0.0,0.0,0.0,2.0,0.0,0.0,0.0,0.0,0.0,1.0,6.0,0.0,0.0,0.0,3.0,3.0,0.0,0.0,2.0,0.0,0.0,3.0,0.0,0.0,0.0,2.0,0.0,0.0,7.0,0.0,0.0,1.0,0.0,0.0,0.0,0.0,0.0,0.0,2.0,1.0,0.0,0.0,0.0,0.0,0.0,0.0,0.0,0.0
9/23/24,0.0,2.0,0.0,1.0,1.0,3.0,0.0,2.0,2.0,0.0,0.0,1.0,0.0,0.0,1.0,6.0,0.0,0.0,0.0,3.0,3.0,0.0,0.0,1.0,0.0,0.0,3.0,0.0,0.0,0.0,1.0,0.0,0.0,6.0,0.0,0.0,1.0,0.0,0.0,0.0,0.0,0.0,0.0,2.0,1.0,0.0,0.0,0.0,0.0,0.0,0.0,0.0,0.0
9/24/24,0.0,1.0,0.0,1.0,1.0,3.0,0.0,1.0,2.0,0.0,0.0,1.0,0.0,0.0,1.0,6.0,0.0,0.0,0.0,2.0,3.0,0.0,0.0,1.0,0.0,0.0,2.0,0.0,0.0,0.0,1.0,0.0,0.0,6.0,0.0,0.0,1.0,0.0,0.0,0.0,0.0,0.0,0.0,2.0,1.0,0.0,0.0,0.0,0.0,0.0,0.0,0.0,0.0
9/25/24,0.0,1.0,0.0,1.0,0.0,3.0,0.0,1.0,2.0,0.0,0.0,1.0,0.0,0.0,0.0,5.0,0.0,0.0,0.0,2.0,2.0,0.0,0.0,1.0,0.0,0.0,2.0,0.0,0.0,0.0,1.0,0.0,0.0,5.0,0.0,0.0,0.0,0.0,0.0,0.0,0.0,0.0,0.0,2.0,1.0,0.0,0.0,0.0,0.0,0.0,0.0,0.0,0.0
9/26/24,0.0,0.0,0.0,0.0,0.0,0.0,0.0,0.0,0.0,0.0,0.0,0.0,0.0,0.0,0.0,0.0,0.0,0.0,0.0,0.0,0.0,0.0,0.0,0.0,0.0,0.0,0.0,0.0,0.0,0.0,0.0,0.0,0.0,0.0,0.0,0.0,0.0,0.0,0.0,0.0,0.0,0.0,0.0,0.0,0.0,0.0,0.0,0.0,0.0,0.0,0.0,0.0,0.0
5/10/25,0.0,2.0,0.0,0.0,5.0,3.0,3.0,3.0,1.0,3.0,1.0,3.0,2.0,4.0,4.0,4.0,0.0,3.0,0.0,3.0,3.0,3.0,2.0,3.0,3.0,3.0,3.0,3.0,3.0,0.0,3.0,1.0,1.0,8.0,0.0,0.0,3.0,0.0,0.0,0.0,0.0,0.0,0.0,1.0,0.0,0.0,0.0,0.0,0.0,0.0,0.0,0.0,0.0
5/12/25,0.0,1.0,0.0,0.0,4.0,2.0,2.0,2.0,4.0,1.0,3.0,2.0,2.0,3.0,6.0,8.0,0.0,2.0,0.0,3.0,2.0,2.0,1.0,2.0,2.0,2.0,2.0,2.0,3.0,0.0,3.0,1.0,1.0,7.0,0.0,0.0,3.0,0.0,0.0,0.0,0.0,0.0,0.0,0.0,0.0,0.0,0.0,0.0,0.0,0.0,0.0,0.0,0.0
5/15/25,0.0,9.0,0.0,0.0,3.0,2.0,2.0,1.0,4.0,1.0,1.0,1.0,9.0,2.0,5.0,7.0,0.0,0.0,0.0,2.0,2.0,1.0,0.0,2.0,1.0,2.0,1.0,2.0,3.0,0.0,2.0,1.0,0.0,6.0,0.0,0.0,3.0,0.0,0.0,0.0,0.0,0.0,0.0,0.0,0.0,0.0,0.0,0.0,0.0,0.0,0.0,0.0,0.0
5/17/25,0.0,8.0,0.0,0.0,7.0,4.0,2.0,8.0,4.0,9.0,0.0,0.0,9.0,2.0,5.0,5.0,0.0,8.0,0.0,2.0,1.0,1.0,6.0,3.0,1.0,1.0,1.0,1.0,2.0,0.0,2.0,0.0,6.0,5.0,0.0,0.0,2.0,0.0,0.0,0.0,0.0,0.0,0.0,0.0,0.0,0.0,0.0,0.0,0.0,0.0,0.0,0.0,0.0
5/19/25,0.0,8.0,0.0,0.0,6.0,3.0,2.0,6.0,3.0,9.0,6.0,4.0,8.0,1.0,3.0,5.0,0.0,7.0,0.0,2.0,9.0,1.0,5.0,3.0,0.0,1.0,0.0,5.0,2.0,0.0,2.0,0.0,5.0,9.0,0.0,0.0,2.0,0.0,0.0,0.0,0.0,0.0,0.0,0.0,0.0,0.0,0.0,0.0,0.0,0.0,0.0,0.0,0.0
5/24/25,0.0,8.0,0.0,7.0,5.0,2.0,3.0,6.0,5.0,7.0,4.0,3.0,9.0,4.0,7.0,2.0,0.0,6.0,0.0,1.0,8.0,8.0,10.0,2.0,8.0,8.0,3.0,4.0,1.0,0.0,6.0,1.0,4.0,16.0,0.0,0.0,2.0,0.0,0.0,0.0,0.0,0.0,0.0,0.0,0.0,0.0,0.0,0.0,0.0,0.0,0.0,0.0,0.0
5/25/25,0.0,7.0,0.0,6.0,4.0,2.0,2.0,5.0,3.0,7.0,3.0,2.0,7.0,3.0,5.0,0.0,0.0,5.0,0.0,1.0,7.0,6.0,10.0,1.0,8.0,7.0,2.0,3.0,1.0,0.0,5.0,1.0,3.0,11.0,0.0,0.0,2.0,0.0,0.0,0.0,0.0,0.0,0.0,0.0,0.0,0.0,0.0,0.0,0.0,0.0,0.0,0.0,0.0
5/26/25,0.0,5.0,0.0,6.0,4.0,2.0,2.0,4.0,3.0,6.0,2.0,1.0,6.0,2.0,4.0,7.0,0.0,5.0,0.0,1.0,6.0,6.0,10.0,1.0,8.0,7.0,2.0,2.0,1.0,0.0,5.0,1.0,3.0,9.0,0.0,0.0,1.0,0.0,0.0,0.0,0.0,0.0,0.0,0.0,0.0,0.0,0.0,0.0,0.0,0.0,0.0,0.0,0.0
5/29/25,0.0,4.0,0.0,5.0,3.0,3.0,1.0,3.0,2.0,5.0,0.0,8.0,5.0,2.0,3.0,6.0,0.0,3.0,4.0,1.0,5.0,5.0,8.0,6.0,8.0,6.0,1.0,1.0,0.0,0.0,4.0,0.0,2.0,6.0,0.0,0.0,1.0,0.0,0.0,0.0,0.0,0.0,0.0,0.0,0.0,0.0,0.0,0.0,0.0,0.0,0.0,0.0,0.0
5/31/25,0.0,3.0,0.0,5.0,8.0,3.0,1.0,2.0,3.0,5.0,4.0,8.0,5.0,5.0,8.0,9.0,0.0,2.0,4.0,1.0,5.0,5.0,8.0,6.0,7.0,6.0,5.0,1.0,0.0,0.0,4.0,0.0,4.0,7.0,0.0,0.0,1.0,0.0,0.0,0.0,0.0,0.0,0.0,0.0,0.0,0.0,0.0,0.0,0.0,0.0,0.0,0.0,0.0
6/3/25,0.0,6.0,0.0,4.0,6.0,2.0,1.0,1.0,3.0,4.0,2.0,6.0,4.0,5.0,5.0,7.0,0.0,10.0,4.0,0.0,5.0,4.0,7.0,5.0,6.0,5.0,4.0,4.0,0.0,0.0,4.0,3.0,4.0,5.0,0.0,0.0,1.0,0.0,0.0,0.0,0.0,0.0,0.0,0.0,0.0,0.0,0.0,0.0,0.0,0.0,0.0,0.0,0.0
6/7/25,0.0,4.0,0.0,3.0,5.0,2.0,0.0,4.0,4.0,3.0,6.0,5.0,2.0,4.0,14.0,6.0,0.0,9.0,4.0,0.0,3.0,2.0,6.0,3.0,5.0,5.0,3.0,3.0,4.0,0.0,4.0,2.0,3.0,13.0,0.0,0.0,1.0,0.0,0.0,0.0,0.0,0.0,0.0,0.0,0.0,0.0,0.0,0.0,0.0,0.0,0.0,0.0,0.0
6/8/25,0.0,4.0,0.0,11.0,5.0,1.0,3.0,2.0,3.0,6.0,6.0,4.0,5.0,3.0,13.0,6.0,2.0,8.0,3.0,0.0,9.0,5.0,5.0,3.0,8.0,4.0,3.0,2.0,4.0,0.0,3.0,1.0,2.0,10.0,0.0,0.0,1.0,0.0,0.0,0.0,0.0,0.0,4.0,0.0,0.0,0.0,0.0,0.0,0.0,0.0,0.0,0.0,0.0
6/11/25,0.0,3.0,0.0,11.0,4.0,5.0,3.0,2.0,3.0,5.0,4.0,4.0,4.0,2.0,12.0,5.0,1.0,7.0,3.0,0.0,9.0,5.0,8.0,7.0,7.0,4.0,3.0,2.0,4.0,0.0,3.0,1.0,2.0,11.0,0.0,0.0,1.0,0.0,0.0,0.0,0.0,0.0,4.0,0.0,0.0,0.0,0.0,0.0,0.0,0.0,0.0,0.0,0.0
6/12/25,0.0,11.0,0.0,10.0,4.0,4.0,3.0,2.0,5.0,5.0,3.0,3.0,3.0,6.0,11.0,4.0,1.0,7.0,3.0,0.0,8.0,4.0,8.0,6.0,7.0,4.0,6.0,1.0,4.0,0.0,3.0,1.0,2.0,10.0,0.0,0.0,1.0,0.0,0.0,0.0,0.0,0.0,4.0,0.0,0.0,0.0,0.0,0.0,0.0,0.0,0.0,0.0,0.0
6/13/25,0.0,10.0,0.0,10.0,4.0,4.0,3.0,1.0,3.0,5.0,5.0,3.0,3.0,6.0,11.0,10.0,1.0,7.0,3.0,0.0,8.0,4.0,7.0,6.0,6.0,3.0,6.0,3.0,4.0,0.0,3.0,1.0,2.0,14.0,0.0,0.0,1.0,0.0,0.0,0.0,0.0,0.0,4.0,0.0,0.0,0.0,0.0,0.0,0.0,0.0,0.0,0.0,0.0
6/17/25,0.0,8.0,0.0,10.0,6.0,3.0,3.0,0.0,1.0,6.0,3.0,6.0,3.0,4.0,8.0,7.0,0.0,5.0,2.0,4.0,7.0,8.0,4.0,5.0,9.0,2.0,6.0,1.0,4.0,0.0,2.0,0.0,0.0,17.0,0.0,0.0,1.0,0.0,0.0,0.0,0.0,0.0,4.0,0.0,0.0,0.0,0.0,0.0,0.0,0.0,0.0,0.0,0.0
6/20/25,0.0,7.0,0.0,9.0,4.0,2.0,2.0,0.0,1.0,5.0,1.0,5.0,1.0,3.0,6.0,6.0,0.0,4.0,1.0,3.0,5.0,9.0,4.0,4.0,7.0,5.0,3.0,0.0,3.0,0.0,5.0,1.0,0.0,10.0,0.0,0.0,0.0,0.0,0.0,0.0,0.0,0.0,2.0,0.0,0.0,0.0,0.0,0.0,0.0,0.0,0.0,0.0,0.0
6/21/25,0.0,6.0,0.0,9.0,4.0,2.0,2.0,4.0,4.0,4.0,6.0,5.0,4.0,5.0,5.0,7.0,0.0,3.0,0.0,3.0,5.0,9.0,3.0,4.0,7.0,4.0,5.0,0.0,3.0,0.0,5.0,1.0,0.0,10.0,0.0,0.0,0.0,0.0,0.0,0.0,0.0,4.0,2.0,0.0,0.0,0.0,0.0,0.0,0.0,0.0,0.0,0.0,0.0
6/22/25,0.0,5.0,0.0,9.0,3.0,2.0,2.0,4.0,4.0,3.0,4.0,4.0,2.0,4.0,3.0,4.0,0.0,6.0,0.0,3.0,4.0,8.0,8.0,3.0,5.0,4.0,3.0,0.0,2.0,0.0,5.0,1.0,0.0,11.0,0.0,0.0,0.0,0.0,0.0,0.0,0.0,4.0,2.0,0.0,0.0,0.0,0.0,0.0,0.0,0.0,0.0,0.0,0.0
6/25/25,0.0,6.0,0.0,7.0,5.0,1.0,1.0,2.0,3.0,2.0,5.0,3.0,4.0,2.0,7.0,6.0,0.0,3.0,0.0,2.0,6.0,6.0,6.0,1.0,4.0,2.0,1.0,0.0,2.0,0.0,4.0,0.0,0.0,11.0,0.0,0.0,0.0,0.0,0.0,0.0,0.0,4.0,2.0,0.0,0.0,0.0,0.0,0.0,0.0,0.0,0.0,0.0,0.0
6/26/25,0.0,6.0,0.0,7.0,5.0,1.0,1.0,2.0,2.0,1.0,4.0,3.0,4.0,2.0,5.0,5.0,0.0,4.0,0.0,2.0,6.0,5.0,6.0,1.0,3.0,2.0,1.0,0.0,1.0,0.0,4.0,0.0,0.0,11.0,0.0,0.0,0.0,0.0,0.0,0.0,0.0,4.0,1.0,0.0,0.0,0.0,0.0,0.0,0.0,0.0,0.0,0.0,0.0
6/30/25,0.0,4.0,0.0,6.0,2.0,4.0,4.0,0.0,4.0,6.0,1.0,1.0,1.0,4.0,2.0,2.0,0.0,1.0,0.0,1.0,12.0,3.0,3.0,6.0,1.0,1.0,3.0,3.0,0.0,0.0,3.0,2.0,0.0,12.0,0.0,0.0,0.0,0.0,0.0,0.0,0.0,1.0,0.0,0.0,0.0,0.0,0.0,0.0,0.0,0.0,0.0,0.0,0.0
7/2/25,0.0,1.0,0.0,5.0,7.0,3.0,3.0,6.0,3.0,5.0,3.0,4.0,7.0,3.0,8.0,3.0,0.0,3.0,0.0,2.0,10.0,1.0,2.0,4.0,7.0,0.0,1.0,2.0,3.0,0.0,2.0,1.0,6.0,10.0,0.0,0.0,0.0,0.0,0.0,0.0,0.0,0.0,0.0,0.0,0.0,0.0,0.0,0.0,0.0,0.0,0.0,0.0,0.0
7/3/25,0.0,8.0,0.0,4.0,6.0,3.0,3.0,5.0,2.0,4.0,2.0,4.0,6.0,2.0,2.0,3.0,0.0,1.0,0.0,0.0,10.0,4.0,8.0,4.0,6.0,0.0,1.0,6.0,2.0,0.0,1.0,1.0,6.0,19.0,0.0,4.0,0.0,0.0,0.0,0.0,0.0,0.0,0.0,0.0,0.0,0.0,0.0,0.0,0.0,0.0,0.0,0.0,0.0
7/4/25,0.0,7.0,0.0,4.0,6.0,3.0,3.0,4.0,1.0,3.0,7.0,3.0,4.0,7.0,5.0,11.0,0.0,9.0,0.0,0.0,8.0,4.0,6.0,3.0,5.0,0.0,6.0,5.0,2.0,0.0,1.0,1.0,5.0,13.0,0.0,3.0,0.0,0.0,0.0,0.0,0.0,0.0,0.0,0.0,0.0,0.0,0.0,0.0,0.0,0.0,0.0,0.0,0.0
7/5/25,0.0,5.0,0.0,3.0,5.0,1.0,2.0,3.0,4.0,3.0,6.0,3.0,5.0,7.0,7.0,9.0,0.0,8.0,4.0,4.0,7.0,3.0,5.0,3.0,3.0,4.0,5.0,4.0,2.0,0.0,0.0,0.0,4.0,8.0,0.0,2.0,0.0,0.0,0.0,0.0,0.0,0.0,0.0,0.0,0.0,0.0,0.0,0.0,0.0,0.0,0.0,0.0,0.0
7/6/25,0.0,3.0,0.0,3.0,4.0,0.0,5.0,1.0,3.0,1.0,5.0,2.0,3.0,6.0,5.0,7.0,0.0,7.0,4.0,3.0,5.0,5.0,4.0,5.0,7.0,4.0,3.0,3.0,1.0,0.0,4.0,2.0,4.0,12.0,0.0,1.0,0.0,0.0,0.0,0.0,0.0,0.0,0.0,0.0,0.0,0.0,0.0,0.0,0.0,0.0,0.0,0.0,0.0
7/7/25,0.0,10.0,0.0,2.0,3.0,4.0,5.0,8.0,3.0,9.0,4.0,9.0,2.0,5.0,4.0,6.0,0.0,6.0,4.0,3.0,4.0,4.0,3.0,5.0,6.0,4.0,2.0,2.0,8.0,0.0,3.0,1.0,3.0,9.0,0.0,0.0,0.0,0.0,0.0,0.0,0.0,0.0,0.0,0.0,0.0,0.0,0.0,0.0,0.0,0.0,0.0,0.0,0.0
7/8/25,0.0,9.0,0.0,10.0,8.0,4.0,5.0,7.0,3.0,8.0,3.0,9.0,11.0,4.0,2.0,5.0,0.0,5.0,4.0,3.0,3.0,4.0,6.0,9.0,5.0,4.0,2.0,8.0,9.0,0.0,3.0,0.0,5.0,5.0,0.0,0.0,0.0,0.0,0.0,0.0,0.0,0.0,0.0,0.0,0.0,0.0,0.0,0.0,0.0,0.0,0.0,0.0,0.0
7/10/25,4.0,8.0,0.0,10.0,7.0,3.0,4.0,5.0,4.0,7.0,6.0,8.0,10.0,6.0,8.0,8.0,0.0,4.0,2.0,2.0,2.0,3.0,5.0,8.0,5.0,4.0,7.0,7.0,9.0,0.0,2.0,0.0,4.0,7.0,0.0,0.0,0.0,0.0,0.0,0.0,0.0,0.0,0.0,0.0,0.0,0.0,0.0,0.0,0.0,0.0,0.0,0.0,0.0
7/11/25,4.0,7.0,0.0,10.0,6.0,3.0,4.0,5.0,4.0,7.0,4.0,7.0,9.0,5.0,8.0,7.0,0.0,3.0,2.0,2.0,9.0,6.0,4.0,8.0,4.0,4.0,6.0,7.0,8.0,0.0,2.0,0.0,3.0,12.0,0.0,4.0,0.0,0.0,0.0,0.0,0.0,0.0,0.0,0.0,0.0,0.0,0.0,0.0,0.0,0.0,0.0,0.0,2.0
7/13/25,4.0,7.0,0.0,9.0,5.0,2.0,3.0,2.0,2.0,5.0,5.0,6.0,7.0,4.0,4.0,8.0,0.0,10.0,1.0,1.0,7.0,5.0,2.0,6.0,2.0,4.0,5.0,5.0,7.0,0.0,1.0,2.0,3.0,10.0,0.0,4.0,0.0,0.0,0.0,0.0,0.0,0.0,0.0,0.0,0.0,0.0,0.0,0.0,0.0,0.0,0.0,0.0,2.0
7/15/25,4.0,4.0,0.0,7.0,2.0,0.0,2.0,8.0,5.0,4.0,4.0,4.0,6.0,2.0,5.0,5.0,0.0,9.0,0.0,1.0,5.0,3.0,8.0,5.0,6.0,4.0,3.0,4.0,6.0,0.0,0.0,2.0,2.0,7.0,0.0,4.0,0.0,0.0,0.0,0.0,0.0,0.0,0.0,0.0,0.0,0.0,0.0,0.0,0.0,0.0,0.0,0.0,2.0
7/16/25,3.0,2.0,0.0,7.0,8.0,0.0,2.0,7.0,5.0,8.0,7.0,4.0,5.0,2.0,3.0,8.0,0.0,8.0,0.0,1.0,4.0,2.0,7.0,4.0,6.0,4.0,2.0,3.0,6.0,0.0,0.0,1.0,4.0,13.0,0.0,4.0,0.0,0.0,0.0,0.0,0.0,0.0,0.0,0.0,0.0,0.0,0.0,0.0,0.0,0.0,0.0,0.0,2.0
7/17/25,2.0,9.0,0.0,6.0,7.0,4.0,2.0,6.0,4.0,7.0,7.0,3.0,4.0,5.0,6.0,7.0,0.0,7.0,0.0,1.0,7.0,5.0,6.0,3.0,5.0,4.0,5.0,3.0,6.0,0.0,0.0,1.0,3.0,9.0,0.0,4.0,0.0,0.0,0.0,0.0,0.0,0.0,0.0,0.0,0.0,0.0,0.0,0.0,0.0,0.0,0.0,0.0,1.0
7/19/25,5.0,7.0,0.0,5.0,6.0,3.0,2.0,5.0,3.0,4.0,4.0,2.0,1.0,4.0,4.0,5.0,0.0,6.0,0.0,0.0,6.0,4.0,5.0,2.0,3.0,4.0,4.0,0.0,5.0,0.0,7.0,1.0,3.0,9.0,0.0,4.0,0.0,0.0,0.0,0.0,0.0,0.0,0.0,0.0,0.0,0.0,0.0,0.0,0.0,0.0,0.0,0.0,1.0
7/20/25,4.0,6.0,0.0,4.0,6.0,3.0,1.0,4.0,2.0,3.0,8.0,1.0,5.0,4.0,3.0,8.0,0.0,5.0,0.0,0.0,5.0,3.0,4.0,2.0,3.0,3.0,3.0,4.0,5.0,0.0,7.0,1.0,2.0,12.0,0.0,4.0,0.0,0.0,0.0,0.0,0.0,0.0,0.0,0.0,0.0,0.0,0.0,0.0,0.0,0.0,0.0,0.0,0.0
7/21/25,3.0,5.0,0.0,3.0,6.0,2.0,5.0,4.0,5.0,2.0,7.0,9.0,3.0,3.0,5.0,6.0,0.0,4.0,0.0,0.0,5.0,2.0,7.0,5.0,2.0,3.0,6.0,3.0,4.0,0.0,6.0,1.0,1.0,9.0,0.0,4.0,0.0,0.0,0.0,0.0,0.0,0.0,0.0,0.0,0.0,0.0,0.0,0.0,0.0,0.0,0.0,0.0,0.0
7/22/25,3.0,4.0,0.0,3.0,6.0,2.0,4.0,2.0,5.0,2.0,7.0,9.0,6.0,2.0,3.0,5.0,0.0,5.0,0.0,0.0,12.0,5.0,6.0,4.0,5.0,3.0,6.0,6.0,4.0,0.0,6.0,0.0,0.0,10.0,0.0,4.0,0.0,0.0,0.0,0.0,0.0,0.0,0.0,0.0,0.0,0.0,0.0,0.0,0.0,0.0,0.0,0.0,0.0
7/25/25,1.0,0.0,0.0,1.0,3.0,0.0,3.0,5.0,4.0,0.0,3.0,6.0,3.0,0.0,3.0,9.0,0.0,1.0,0.0,0.0,9.0,2.0,4.0,3.0,3.0,1.0,4.0,5.0,2.0,0.0,5.0,0.0,0.0,3.0,0.0,0.0,0.0,0.0,0.0,0.0,1.0,4.0,0.0,0.0,0.0,0.0,0.0,0.0,0.0,0.0,0.0,0.0,0.0
7/27/25,0.0,0.0,0.0,5.0,10.0,0.0,2.0,2.0,3.0,7.0,7.0,4.0,2.0,1.0,0.0,10.0,0.0,7.0,0.0,0.0,6.0,0.0,1.0,1.0,0.0,8.0,2.0,2.0,0.0,0.0,4.0,3.0,0.0,6.0,0.0,0.0,0.0,0.0,0.0,0.0,0.0,2.0,0.0,0.0,0.0,0.0,0.0,0.0,0.0,0.0,0.0,0.0,0.0
7/29/25,0.0,8.0,0.0,5.0,9.0,4.0,2.0,1.0,4.0,6.0,6.0,4.0,1.0,5.0,8.0,9.0,0.0,6.0,0.0,0.0,5.0,4.0,6.0,2.0,4.0,7.0,1.0,5.0,0.0,0.0,3.0,2.0,0.0,4.0,0.0,0.0,0.0,0.0,0.0,0.0,0.0,2.0,0.0,0.0,0.0,0.0,0.0,0.0,0.0,0.0,0.0,0.0,0.0
7/31/25,0.0,6.0,0.0,4.0,5.0,4.0,1.0,4.0,3.0,5.0,7.0,3.0,6.0,4.0,6.0,11.0,0.0,5.0,0.0,0.0,4.0,2.0,4.0,2.0,3.0,7.0,0.0,4.0,5.0,0.0,3.0,2.0,4.0,8.0,0.0,0.0,0.0,0.0,0.0,0.0,0.0,1.0,0.0,0.0,0.0,0.0,0.0,0.0,0.0,0.0,4.0,3.0,0.0
8/1/25,0.0,0.0,0.0,4.0,6.0,4.0,3.0,3.0,2.0,4.0,6.0,2.0,4.0,4.0,4.0,10.0,4.0,3.0,4.0,0.0,8.0,7.0,3.0,1.0,5.0,6.0,0.0,3.0,5.0,0.0,2.0,1.0,4.0,9.0,0.0,0.0,0.0,0.0,0.0,0.0,0.0,1.0,0.0,0.0,0.0,0.0,0.0,0.0,0.0,0.0,3.0,2.0,0.0
8/2/25,0.0,3.0,0.0,3.0,5.0,4.0,2.0,2.0,5.0,3.0,4.0,2.0,3.0,5.0,10.0,9.0,4.0,2.0,4.0,0.0,8.0,6.0,8.0,6.0,5.0,6.0,6.0,2.0,4.0,0.0,2.0,1.0,3.0,7.0,0.0,0.0,0.0,0.0,0.0,0.0,0.0,0.0,0.0,0.0,0.0,0.0,0.0,0.0,0.0,0.0,3.0,1.0,0.0
8/3/25,0.0,10.0,0.0,3.0,5.0,3.0,2.0,9.0,4.0,7.0,3.0,1.0,2.0,4.0,10.0,8.0,4.0,5.0,4.0,0.0,7.0,5.0,7.0,5.0,4.0,5.0,6.0,1.0,4.0,0.0,1.0,1.0,3.0,11.0,0.0,0.0,0.0,0.0,0.0,0.0,0.0,0.0,0.0,0.0,0.0,0.0,0.0,0.0,0.0,0.0,2.0,1.0,0.0
8/4/25,0.0,9.0,0.0,6.0,10.0,5.0,1.0,8.0,3.0,6.0,3.0,8.0,1.0,3.0,8.0,7.0,4.0,5.0,4.0,0.0,6.0,4.0,6.0,6.0,7.0,5.0,6.0,0.0,3.0,0.0,1.0,1.0,4.0,12.0,0.0,0.0,0.0,0.0,0.0,0.0,0.0,0.0,8.0,0.0,0.0,0.0,0.0,0.0,0.0,0.0,2.0,0.0,0.0
8/5/25,0.0,8.0,0.0,6.0,9.0,5.0,5.0,8.0,7.0,5.0,1.0,8.0,8.0,6.0,7.0,5.0,3.0,12.0,3.0,0.0,5.0,3.0,5.0,5.0,6.0,4.0,6.0,0.0,3.0,0.0,5.0,2.0,3.0,10.0,0.0,0.0,0.0,0.0,0.0,0.0,0.0,0.0,8.0,0.0,0.0,0.0,0.0,0.0,0.0,0.0,1.0,0.0,0.0
8/7/25,0.0,5.0,0.0,5.0,8.0,4.0,4.0,7.0,6.0,4.0,7.0,7.0,6.0,4.0,4.0,10.0,2.0,10.0,2.0,0.0,2.0,2.0,4.0,5.0,5.0,3.0,6.0,0.0,2.0,0.0,4.0,2.0,2.0,4.0,0.0,0.0,0.0,0.0,0.0,0.0,0.0,0.0,7.0,0.0,0.0,0.0,0.0,0.0,0.0,0.0,0.0,0.0,0.0
8/8/25,0.0,9.0,0.0,4.0,7.0,4.0,4.0,6.0,6.0,7.0,4.0,6.0,5.0,3.0,3.0,8.0,2.0,9.0,6.0,0.0,9.0,9.0,2.0,4.0,4.0,3.0,6.0,0.0,6.0,0.0,4.0,1.0,1.0,6.0,0.0,0.0,0.0,0.0,0.0,0.0,0.0,0.0,7.0,0.0,0.0,0.0,0.0,0.0,0.0,0.0,0.0,0.0,0.0
8/11/25,0.0,6.0,0.0,2.0,5.0,2.0,3.0,3.0,4.0,0.0,0.0,4.0,5.0,5.0,7.0,4.0,1.0,6.0,5.0,0.0,7.0,7.0,9.0,6.0,1.0,2.0,5.0,0.0,4.0,0.0,3.0,0.0,0.0,13.0,0.0,0.0,0.0,0.0,0.0,0.0,0.0,0.0,6.0,0.0,0.0,0.0,0.0,0.0,0.0,0.0,0.0,0.0,0.0
8/14/25,0.0,2.0,0.0,9.0,3.0,1.0,2.0,1.0,3.0,3.0,3.0,3.0,3.0,3.0,3.0,11.0,0.0,3.0,5.0,0.0,5.0,5.0,6.0,5.0,7.0,1.0,3.0,0.0,3.0,0.0,2.0,2.0,0.0,9.0,0.0,0.0,0.0,0.0,0.0,0.0,0.0,0.0,6.0,0.0,0.0,0.0,0.0,0.0,0.0,0.0,0.0,0.0,0.0
8/15/25,0.0,10.0,0.0,8.0,7.0,0.0,2.0,9.0,2.0,2.0,3.0,3.0,2.0,2.0,3.0,10.0,0.0,3.0,5.0,0.0,5.0,4.0,6.0,4.0,6.0,1.0,3.0,0.0,3.0,0.0,2.0,2.0,3.0,7.0,0.0,0.0,0.0,0.0,0.0,0.0,0.0,0.0,6.0,0.0,0.0,0.0,0.0,0.0,0.0,0.0,0.0,0.0,0.0
8/16/25,0.0,9.0,0.0,8.0,6.0,2.0,1.0,8.0,4.0,5.0,1.0,2.0,5.0,7.0,8.0,9.0,0.0,2.0,4.0,0.0,3.0,3.0,11.0,4.0,6.0,0.0,3.0,8.0,3.0,0.0,1.0,2.0,3.0,14.0,0.0,0.0,0.0,0.0,0.0,0.0,0.0,0.0,6.0,0.0,0.0,0.0,0.0,0.0,0.0,0.0,0.0,0.0,0.0
8/17/25,0.0,8.0,0.0,8.0,5.0,1.0,1.0,7.0,3.0,4.0,8.0,1.0,4.0,7.0,7.0,6.0,0.0,9.0,4.0,0.0,3.0,3.0,10.0,3.0,5.0,8.0,2.0,8.0,3.0,0.0,1.0,2.0,2.0,15.0,0.0,0.0,0.0,0.0,0.0,0.0,0.0,0.0,5.0,0.0,0.0,0.0,0.0,0.0,0.0,0.0,0.0,0.0,0.0
8/18/25,0.0,8.0,0.0,7.0,5.0,5.0,5.0,7.0,3.0,4.0,7.0,8.0,4.0,6.0,6.0,6.0,0.0,8.0,4.0,4.0,1.0,2.0,10.0,7.0,4.0,7.0,1.0,8.0,3.0,0.0,1.0,1.0,2.0,13.0,0.0,0.0,0.0,0.0,0.0,0.0,0.0,0.0,5.0,0.0,0.0,0.0,0.0,0.0,0.0,0.0,0.0,0.0,0.0
8/19/25,0.0,7.0,0.0,7.0,4.0,5.0,5.0,6.0,1.0,3.0,6.0,8.0,3.0,5.0,6.0,5.0,0.0,7.0,4.0,4.0,9.0,10.0,9.0,6.0,8.0,7.0,1.0,8.0,2.0,0.0,1.0,1.0,1.0,12.0,0.0,0.0,0.0,0.0,0.0,0.0,0.0,0.0,5.0,0.0,0.0,0.0,0.0,0.0,0.0,0.0,0.0,0.0,0.0
8/21/25,0.0,6.0,0.0,7.0,7.0,4.0,4.0,5.0,4.0,3.0,4.0,7.0,3.0,4.0,4.0,4.0,0.0,6.0,3.0,4.0,9.0,9.0,8.0,6.0,7.0,6.0,4.0,8.0,2.0,0.0,5.0,0.0,5.0,8.0,0.0,0.0,0.0,0.0,0.0,0.0,0.0,0.0,5.0,3.0,4.0,0.0,0.0,0.0,0.0,0.0,0.0,0.0,0.0
8/22/25,0.0,6.0,0.0,6.0,6.0,4.0,4.0,5.0,4.0,6.0,5.0,7.0,6.0,3.0,3.0,9.0,0.0,5.0,3.0,4.0,8.0,9.0,7.0,5.0,6.0,6.0,3.0,8.0,2.0,0.0,5.0,2.0,4.0,10.0,0.0,0.0,0.0,0.0,0.0,0.0,0.0,0.0,5.0,3.0,4.0,0.0,0.0,0.0,0.0,0.0,0.0,0.0,0.0
8/28/25,0.0,2.0,0.0,4.0,2.0,2.0,3.0,2.0,2.0,3.0,0.0,5.0,2.0,5.0,6.0,3.0,0.0,1.0,2.0,4.0,5.0,6.0,4.0,3.0,4.0,5.0,1.0,5.0,0.0,0.0,3.0,1.0,4.0,5.0,0.0,0.0,0.0,0.0,0.0,0.0,0.0,0.0,4.0,3.0,4.0,0.0,0.0,0.0,0.0,0.0,0.0,0.0,0.0
8/29/25,0.0,10.0,0.0,4.0,8.0,2.0,3.0,1.0,2.0,7.0,6.0,5.0,6.0,7.0,5.0,4.0,0.0,1.0,2.0,4.0,4.0,5.0,4.0,2.0,3.0,4.0,6.0,5.0,0.0,0.0,3.0,1.0,6.0,8.0,0.0,0.0,0.0,0.0,0.0,0.0,0.0,0.0,3.0,3.0,4.0,0.0,0.0,0.0,0.0,0.0,0.0,0.0,0.0
8/30/25,0.0,9.0,0.0,4.0,7.0,3.0,2.0,5.0,6.0,6.0,5.0,4.0,6.0,6.0,12.0,3.0,4.0,4.0,2.0,4.0,4.0,5.0,9.0,6.0,3.0,4.0,6.0,5.0,0.0,0.0,2.0,1.0,5.0,10.0,0.0,0.0,0.0,0.0,0.0,0.0,0.0,0.0,3.0,3.0,4.0,0.0,0.0,0.0,0.0,0.0,0.0,0.0,0.0
8/31/25,0.0,8.0,0.0,3.0,7.0,3.0,2.0,4.0,5.0,6.0,6.0,4.0,5.0,6.0,11.0,9.0,4.0,4.0,2.0,4.0,3.0,4.0,8.0,6.0,2.0,4.0,5.0,4.0,0.0,0.0,2.0,1.0,5.0,8.0,0.0,2.0,0.0,0.0,0.0,0.0,0.0,0.0,3.0,3.0,4.0,0.0,0.0,0.0,0.0,0.0,0.0,0.0,0.0
9/2/25,0.0,6.0,0.0,3.0,5.0,2.0,1.0,2.0,4.0,4.0,3.0,2.0,3.0,4.0,8.0,7.0,4.0,2.0,2.0,4.0,1.0,3.0,7.0,5.0,0.0,4.0,4.0,2.0,0.0,0.0,1.0,1.0,3.0,10.0,0.0,0.0,0.0,0.0,0.0,0.0,0.0,0.0,2.0,2.0,4.0,0.0,0.0,0.0,0.0,0.0,0.0,0.0,0.0
9/3/25,0.0,6.0,0.0,3.0,5.0,2.0,1.0,1.0,3.0,4.0,2.0,1.0,3.0,4.0,8.0,4.0,4.0,2.0,2.0,3.0,0.0,2.0,7.0,5.0,0.0,4.0,4.0,1.0,0.0,0.0,1.0,1.0,3.0,9.0,0.0,0.0,0.0,0.0,0.0,0.0,0.0,0.0,2.0,2.0,4.0,0.0,0.0,0.0,0.0,0.0,0.0,0.0,0.0
9/4/25,0.0,6.0,0.0,2.0,4.0,2.0,1.0,1.0,3.0,4.0,2.0,1.0,2.0,4.0,7.0,4.0,4.0,2.0,2.0,3.0,0.0,2.0,7.0,4.0,0.0,4.0,4.0,1.0,0.0,0.0,1.0,1.0,3.0,9.0,0.0,0.0,0.0,0.0,0.0,0.0,0.0,0.0,2.0,2.0,4.0,0.0,0.0,0.0,0.0,0.0,0.0,0.0,0.0
9/5/25,0.0,6.0,0.0,2.0,4.0,2.0,1.0,1.0,3.0,2.0,1.0,1.0,2.0,4.0,7.0,4.0,4.0,1.0,2.0,3.0,0.0,2.0,6.0,4.0,0.0,4.0,3.0,1.0,0.0,0.0,1.0,1.0,3.0,8.0,0.0,0.0,0.0,0.0,0.0,0.0,0.0,0.0,2.0,2.0,4.0,0.0,0.0,0.0,0.0,0.0,0.0,0.0,0.0
9/6/25,0.0,6.0,0.0,1.0,4.0,1.0,1.0,1.0,3.0,2.0,0.0,1.0,2.0,4.0,6.0,4.0,4.0,1.0,2.0,3.0,0.0,2.0,6.0,4.0,0.0,4.0,3.0,0.0,0.0,0.0,1.0,1.0,3.0,6.0,0.0,0.0,0.0,0.0,0.0,0.0,0.0,0.0,2.0,1.0,4.0,0.0,0.0,0.0,0.0,0.0,0.0,0.0,0.0
9/7/25,0.0,6.0,0.0,1.0,3.0,1.0,1.0,1.0,3.0,2.0,2.0,0.0,1.0,4.0,5.0,9.0,4.0,0.0,2.0,3.0,4.0,1.0,6.0,4.0,0.0,4.0,3.0,4.0,0.0,0.0,1.0,1.0,2.0,15.0,0.0,0.0,0.0,0.0,0.0,0.0,0.0,0.0,2.0,1.0,3.0,0.0,0.0,0.0,0.0,0.0,0.0,0.0,0.0
9/8/25,0.0,5.0,0.0,1.0,3.0,1.0,0.0,0.0,2.0,2.0,2.0,0.0,1.0,4.0,5.0,9.0,4.0,0.0,2.0,3.0,3.0,1.0,5.0,4.0,0.0,4.0,3.0,3.0,0.0,0.0,0.0,1.0,2.0,15.0,0.0,0.0,0.0,0.0,0.0,0.0,0.0,0.0,2.0,1.0,3.0,0.0,0.0,0.0,0.0,0.0,0.0,0.0,0.0
9/9/25,0.0,5.0,0.0,3.0,2.0,1.0,0.0,0.0,2.0,2.0,1.0,2.0,1.0,4.0,4.0,9.0,4.0,2.0,2.0,3.0,3.0,1.0,5.0,3.0,2.0,4.0,3.0,3.0,0.0,0.0,0.0,1.0,2.0,12.0,0.0,0.0,0.0,0.0,0.0,0.0,0.0,0.0,2.0,5.0,3.0,0.0,0.0,0.0,0.0,0.0,0.0,0.0,0.0
9/10/25,0.0,5.0,0.0,3.0,2.0,1.0,0.0,0.0,2.0,2.0,1.0,2.0,1.0,4.0,4.0,9.0,4.0,1.0,2.0,3.0,3.0,1.0,5.0,3.0,2.0,4.0,3.0,3.0,0.0,0.0,0.0,1.0,2.0,12.0,0.0,0.0,0.0,0.0,0.0,0.0,0.0,0.0,2.0,5.0,3.0,0.0,0.0,0.0,0.0,0.0,0.0,0.0,0.0
9/11/25,0.0,5.0,0.0,2.0,2.0,0.0,0.0,0.0,2.0,1.0,0.0,1.0,0.0,3.0,4.0,8.0,4.0,1.0,2.0,3.0,3.0,1.0,5.0,3.0,2.0,4.0,3.0,2.0,0.0,0.0,0.0,1.0,1.0,9.0,0.0,0.0,0.0,0.0,0.0,0.0,0.0,0.0,2.0,5.0,3.0,0.0,0.0,0.0,0.0,0.0,0.0,0.0,0.0
9/12/25,0.0,5.0,0.0,2.0,2.0,0.0,0.0,0.0,2.0,1.0,0.0,1.0,0.0,3.0,3.0,8.0,3.0,0.0,2.0,2.0,3.0,0.0,4.0,3.0,2.0,3.0,2.0,2.0,0.0,0.0,0.0,1.0,1.0,9.0,0.0,0.0,0.0,0.0,0.0,0.0,0.0,0.0,2.0,5.0,3.0,0.0,0.0,0.0,0.0,0.0,0.0,0.0,0.0
9/13/25,0.0,5.0,0.0,2.0,1.0,0.0,0.0,0.0,2.0,1.0,0.0,1.0,0.0,3.0,3.0,7.0,3.0,0.0,2.0,2.0,2.0,0.0,4.0,2.0,2.0,3.0,2.0,1.0,0.0,0.0,0.0,1.0,1.0,9.0,0.0,0.0,0.0,0.0,0.0,0.0,0.0,0.0,1.0,4.0,2.0,0.0,0.0,0.0,0.0,0.0,0.0,0.0,0.0
9/14/25,0.0,4.0,0.0,1.0,1.0,0.0,0.0,0.0,1.0,0.0,0.0,1.0,0.0,2.0,2.0,6.0,3.0,0.0,1.0,2.0,2.0,0.0,3.0,2.0,2.0,3.0,2.0,1.0,0.0,0.0,0.0,1.0,1.0,8.0,0.0,0.0,0.0,0.0,0.0,0.0,0.0,0.0,1.0,4.0,2.0,0.0,0.0,0.0,0.0,0.0,0.0,0.0,0.0
9/15/25,0.0,4.0,0.0,0.0,4.0,2.0,1.0,0.0,1.0,2.0,0.0,0.0,2.0,2.0,1.0,5.0,3.0,0.0,1.0,2.0,2.0,0.0,3.0,2.0,2.0,3.0,1.0,2.0,0.0,0.0,0.0,1.0,1.0,7.0,0.0,0.0,0.0,0.0,0.0,0.0,0.0,0.0,1.0,3.0,2.0,0.0,0.0,0.0,0.0,0.0,0.0,0.0,0.0
9/16/25,0.0,4.0,0.0,0.0,4.0,1.0,1.0,0.0,1.0,1.0,0.0,0.0,1.0,2.0,1.0,4.0,3.0,0.0,1.0,1.0,1.0,0.0,3.0,1.0,2.0,2.0,1.0,2.0,0.0,0.0,0.0,1.0,0.0,5.0,0.0,0.0,0.0,0.0,0.0,0.0,0.0,0.0,1.0,3.0,1.0,0.0,0.0,0.0,0.0,0.0,0.0,0.0,0.0
9/17/25,0.0,4.0,0.0,0.0,3.0,1.0,1.0,4.0,1.0,1.0,0.0,0.0,1.0,1.0,0.0,4.0,2.0,0.0,1.0,1.0,1.0,0.0,2.0,1.0,1.0,2.0,1.0,1.0,0.0,0.0,0.0,1.0,0.0,9.0,0.0,0.0,0.0,0.0,0.0,0.0,0.0,0.0,1.0,2.0,1.0,0.0,0.0,0.0,0.0,0.0,0.0,0.0,0.0
9/18/25,0.0,3.0,0.0,0.0,3.0,1.0,1.0,3.0,2.0,1.0,6.0,0.0,1.0,3.0,4.0,5.0,2.0,0.0,1.0,1.0,0.0,0.0,2.0,1.0,1.0,2.0,3.0,1.0,0.0,0.0,0.0,1.0,0.0,7.0,0.0,0.0,0.0,0.0,0.0,0.0,0.0,0.0,1.0,2.0,1.0,0.0,0.0,0.0,0.0,0.0,0.0,0.0,0.0
9/19/25,0.0,3.0,0.0,0.0,3.0,1.0,1.0,3.0,2.0,5.0,5.0,1.0,1.0,4.0,3.0,4.0,2.0,0.0,0.0,1.0,2.0,0.0,2.0,0.0,1.0,2.0,3.0,1.0,0.0,0.0,0.0,1.0,0.0,7.0,0.0,0.0,0.0,0.0,0.0,0.0,0.0,0.0,1.0,2.0,1.0,0.0,0.0,0.0,0.0,0.0,0.0,0.0,0.0
9/21/25,0.0,3.0,0.0,0.0,2.0,0.0,1.0,2.0,2.0,3.0,4.0,1.0,0.0,2.0,2.0,2.0,2.0,0.0,0.0,1.0,1.0,0.0,1.0,0.0,0.0,1.0,2.0,0.0,0.0,0.0,0.0,1.0,0.0,6.0,0.0,0.0,0.0,0.0,0.0,0.0,0.0,0.0,1.0,1.0,0.0,0.0,0.0,0.0,0.0,0.0,0.0,0.0,0.0
9/22/25,0.0,2.0,0.0,0.0,2.0,0.0,1.0,2.0,1.0,3.0,4.0,1.0,0.0,2.0,1.0,2.0,1.0,0.0,0.0,1.0,1.0,0.0,0.0,0.0,0.0,1.0,2.0,0.0,0.0,0.0,0.0,1.0,0.0,5.0,0.0,0.0,0.0,0.0,0.0,0.0,0.0,0.0,1.0,1.0,0.0,0.0,0.0,0.0,0.0,0.0,0.0,0.0,0.0
9/23/25,0.0,2.0,0.0,0.0,2.0,2.0,1.0,2.0,3.0,3.0,3.0,0.0,0.0,2.0,5.0,1.0,1.0,0.0,0.0,0.0,1.0,0.0,2.0,2.0,0.0,1.0,3.0,0.0,0.0,0.0,0.0,1.0,0.0,5.0,0.0,0.0,1.0,0.0,0.0,0.0,0.0,0.0,0.0,1.0,0.0,0.0,0.0,0.0,0.0,0.0,0.0,0.0,0.0
9/24/25,0.0,2.0,0.0,0.0,2.0,1.0,1.0,2.0,3.0,3.0,3.0,0.0,0.0,1.0,4.0,0.0,1.0,0.0,0.0,0.0,1.0,0.0,1.0,1.0,0.0,1.0,3.0,0.0,0.0,0.0,0.0,1.0,0.0,3.0,0.0,0.0,1.0,0.0,0.0,0.0,0.0,0.0,0.0,1.0,0.0,0.0,0.0,0.0,0.0,0.0,0.0,0.0,0.0
9/25/25,0.0,2.0,0.0,0.0,1.0,1.0,0.0,1.0,3.0,2.0,3.0,0.0,0.0,1.0,4.0,7.0,1.0,0.0,0.0,0.0,0.0,0.0,1.0,1.0,1.0,1.0,3.0,0.0,0.0,0.0,0.0,1.0,0.0,8.0,0.0,0.0,1.0,0.0,0.0,0.0,0.0,0.0,0.0,2.0,0.0,0.0,0.0,0.0,0.0,0.0,0.0,1.0,0.0
9/26/25,0.0,2.0,0.0,0.0,1.0,1.0,0.0,1.0,3.0,2.0,2.0,0.0,0.0,1.0,4.0,7.0,1.0,0.0,0.0,0.0,0.0,0.0,1.0,1.0,1.0,1.0,3.0,0.0,0.0,0.0,0.0,0.0,0.0,7.0,0.0,0.0,1.0,0.0,0.0,0.0,0.0,0.0,0.0,2.0,0.0,0.0,0.0,0.0,0.0,0.0,0.0,1.0,0.0
9/27/25,0.0,2.0,0.0,0.0,2.0,1.0,0.0,1.0,3.0,2.0,1.0,1.0,1.0,1.0,3.0,6.0,0.0,0.0,0.0,0.0,2.0,0.0,1.0,1.0,1.0,1.0,2.0,0.0,0.0,0.0,0.0,0.0,0.0,6.0,0.0,0.0,0.0,0.0,0.0,0.0,0.0,0.0,0.0,2.0,0.0,0.0,0.0,0.0,0.0,0.0,0.0,1.0,0.0
9/28/25,0.0,1.0,0.0,0.0,1.0,1.0,0.0,1.0,2.0,1.0,0.0,1.0,1.0,0.0,2.0,5.0,0.0,0.0,0.0,0.0,1.0,0.0,0.0,0.0,1.0,1.0,2.0,0.0,0.0,0.0,0.0,0.0,0.0,6.0,0.0,0.0,0.0,0.0,0.0,0.0,0.0,0.0,0.0,2.0,0.0,0.0,0.0,0.0,0.0,0.0,0.0,0.0,0.0
9/29/25,0.0,1.0,0.0,0.0,1.0,0.0,0.0,0.0,2.0,1.0,0.0,1.0,1.0,0.0,2.0,4.0,0.0,0.0,0.0,0.0,1.0,0.0,0.0,0.0,0.0,0.0,2.0,0.0,0.0,0.0,0.0,0.0,0.0,5.0,0.0,0.0,0.0,0.0,0.0,0.0,0.0,0.0,0.0,1.0,0.0,0.0,0.0,0.0,0.0,0.0,0.0,0.0,0.0
9/30/25,0.0,1.0,0.0,0.0,2.0,2.0,0.0,0.0,2.0,1.0,0.0,1.0,0.0,2.0,2.0,3.0,0.0,0.0,0.0,0.0,1.0,0.0,1.0,2.0,0.0,0.0,1.0,0.0,0.0,0.0,0.0,0.0,0.0,6.0,0.0,0.0,1.0,0.0,0.0,0.0,0.0,0.0,0.0,0.0,0.0,0.0,0.0,0.0,0.0,0.0,0.0,0.0,0.0
10/1/25,0.0,0.0,0.0,0.0,2.0,2.0,0.0,0.0,2.0,1.0,0.0,0.0,0.0,2.0,2.0,2.0,0.0,0.0,0.0,0.0,0.0,0.0,1.0,1.0,0.0,0.0,1.0,0.0,0.0,0.0,0.0,0.0,0.0,6.0,0.0,0.0,1.0,0.0,0.0,0.0,0.0,0.0,0.0,0.0,0.0,0.0,0.0,0.0,0.0,0.0,0.0,0.0,0.0
10/2/25,0.0,0.0,0.0,0.0,0.0,0.0,0.0,0.0,0.0,0.0,0.0,0.0,0.0,0.0,0.0,0.0,0.0,0.0,0.0,0.0,0.0,0.0,0.0,0.0,0.0,0.0,0.0,0.0,0.0,0.0,0.0,0.0,0.0,0.0,0.0,0.0,0.0,0.0,0.0,0.0,0.0,0.0,0.0,0.0,0.0,0.0,0.0,0.0,0.0,0.0,0.0,0.0,0.0
